<?xml version="1.0" encoding="UTF-8"?>
<project-private xmlns="http://www.netbeans.org/ns/project-private/1">
    <editor-bookmarks xmlns="http://www.netbeans.org/ns/editor-bookmarks/2" lastBookmarkId="0"/>
    <open-files xmlns="http://www.netbeans.org/ns/projectui-open-files/2">
        <group>
            <file>file:/C:/Users/HP-AMD/Desktop/App_Parse/src/app_parse/App_Parse.java</file>
            <file>file:/C:/Users/HP-AMD/Desktop/App_Parse/src/app_parse/Tabla.java</file>
            <file>file:/C:/Users/HP-AMD/Desktop/App_Parse/src/app_parse/BaseDeDatos.java</file>
            <file>file:/C:/Users/HP-AMD/Desktop/App_Parse/src/app_parse/Registro.java</file>
        </group>
    </open-files>
</project-private>
